id,name,description,state,spiritual_significance,district,Region ,nature_surrounding,popular_destination
,,,,,,,,
1,RISHIKESH,"Rishikesh, located in northern India, is a serene and spiritual town nestled amidst the foothills of the Himalayas. Renowned as the Yoga Capital of the World, it attracts seekers from around the globe for its ashrams, temples, and practicing yoga on the banks of the holy Ganges. With its breathtaking scenery, peaceful atmosphere, and vibrant cultural heritage, Rishikesh is a beloved destination for those seeking tranquility and spiritual rejuvenation.",UTTRAKHAND,"Rishikesh holds immense spiritual significance as an abode of saints and sages, known as the Yoga Capital of the World. It is blessed by the holy Ganges, offering a serene and sacred environment for meditation, self-reflection, and spiritual awakening.",DEHRADUN,hills,hills,1
2,KEDARNATH,"Kedarnath, located in the Rudraprayag district of Uttarakhand, India, is a sacred pilgrimage site dedicated to Lord Shiva. Situated at an altitude of 3,583 meters, it is surrounded by breathtaking snow-capped mountains and serene landscapes. The holy Kedarnath Temple, believed to have been built by the Pandavas, attracts thousands of devotees every year. Apart from its religious significance, Kedarnath offers adventurous treks, stunning views, and a spiritual retreat in the lap of the Himalayas.",UTTRAKHAND,"Kedarnath is a sacred Hindu temple nestled in the majestic Himalayas. It holds immense spiritual significance as it is believed to be the abode of Lord Shiva, one of the most revered deities in Hinduism. Devotees undertake strenuous journeys to seek blessings and attain salvation. Kedarnath's peaceful and serene aura allows devotees to experience profound spiritual growth and establishes a connection between the physical and metaphysical realms. It serves as a spiritual haven for followers, inspiring them to lead righteous and virtuous lives.",RUDRAPRAYAG,mountains,mountains,0
3,BADRINATH,"Badrinath is a sacred town in Uttarakhand, India, known for its famous Badrinath Temple dedicated to Lord Vishnu. It is located in the Chamoli district, amidst the stunning Himalayan ranges and offers breathtaking views. The town attracts a large number of devotees and tourists every year due to its religious significance and natural beauty.",UTTRAKHAND,"Badrinath is a sacred Hindu pilgrimage site located in the Indian state of Uttarakhand. It is believed to be the abode of Lord Vishnu, and its spiritual significance lies in its association with the Hindu mythology and the religious practices followed there. Devotees visit Badrinath to seek blessings, attain spiritual solace, and offer prayers and rituals. The natural beauty of the Himalayan surroundings adds to the spiritual aura of the place.",Chamoli,other,other,0
4,GANGOTRI,"Gangotri is a small town located in the state of Uttarakhand, India. It is known for being the origin point of the River Ganges and is considered one of the holiest sites in Hinduism. The town is nestled in the Himalayan range and is surrounded by breathtaking natural beauty, making it a popular pilgrimage destination for religious travelers and nature enthusiasts alike.",UTTRAKHAND,"Gangotri, a sacred town in Uttarakhand, is of immense spiritual significance. It is the source of the holy river Ganga, believed to have descended on Earth to cleanse mankind's sins. Pilgrims flock to Gangotri to take part in aarti and seek blessings. The temple dedicated to Goddess Ganga is a major attraction and marks the origin of the Char Dham Yatra. Its pristine natural surroundings and serenity make it an ideal place for self-reflection and spiritual introspection.",UTTARKASHI,hills,hills,1
5,YAMUNOTRI,"Yamunotri is a sacred place situated in the Uttarkashi district of Uttarakhand, India. It is one of the Char Dham pilgrimage sites, attracting millions of devotees and tourists every year. Located at an elevation of approximately 3,293 meters, Yamunotri is famous for the Yamunotri Temple dedicated to Goddess Yamuna, the revered Hindu deity. The temple holds immense religious significance and marks the origin of the Yamuna River, one of the major rivers in India.",UTTRAKHAND,"Yamunotri, located in the Indian Himalayas, holds great spiritual significance. It is the source of the Yamuna River and is considered one of the holiest sites for Hindus. Pilgrims visit the temple dedicated to Goddess Yamuna, seeking blessings and purification. The pristine surroundings and serene atmosphere enhance the spiritual experience, allowing devotees to connect with nature and rejuvenate their souls. The journey to Yamunotri is a test of devotion and provides an opportunity for self-reflection and spiritual growth.",UTTARKASHI,mountains,mountains,0
6,AYODHYA,"Ayodhya is an ancient city in Uttar Pradesh, India. It is believed to be the birthplace of Lord Rama, one of the most revered Hindu God. Ayodhya holds immense religious importance for Hindus and is also mentioned in various Hindu scriptures. The city is known for its sacred temples, especially the famous Shri Ram Janmabhoomi temple that attracts devotees from all over the world. Ayodhya also has a rich historical significance, with evidence of human habitation dating back to the 8th century BCE. The city has a serene and peaceful ambience, offering a glimpse into the rich cultural heritage and religious harmony of India.",UTTAR PRADESH,"Ayodhya holds immense spiritual significance as it is believed to be the birthplace of Shri Rama, an incarnation of Lord Vishnu. It is revered by millions of Hindus worldwide and is considered one of the seven sacred cities in India. The city's association with the epic Ramayana and the construction of the holy temple adds to its spiritual importance, drawing pilgrims who seek blessings and salvation.",AYODHYA,other,other,1
7,PURI,"Puri is a popular coastal city located in the eastern Indian state of Odisha. It is known for its stunning beaches, particularly the famous Puri Beach, which attracts both locals and tourists alike. The city is also renowned for being home to the sacred Hindu temple, Jagannath Temple, one of the Char Dham pilgrimage sites. Puri is rich in history and culture, with various festivals celebrated throughout the year, especially the world-famous Ratha Yatra festival, where deities are taken out in grand processions. Additionally, Puri is known for its delicious street food, especially the mouthwatering Puri Beach's street snacks, making it a must-visit destination for beach lovers and spiritual seekers alike.",ODISHA,"Puri holds immense spiritual significance as it is home to the sacred Jagannath Temple. Dedicated to Lord Jagannath, an incarnation of Lord Vishnu, the temple attracts millions of devotees annually. Puri is also one of the four holy Char Dham pilgrimage sites, believed to liberate one from the cycle of birth and death. It is said that a visit to Puri and a glimpse of Lord Jagannath's divine form can bring spiritual enlightenment and fulfillment.",PURI,hills,hills,0
8,VARANASI,"Varanasi, also known as Benares, is a sacred city in northern India. It is one of the oldest continuously inhabited cities in the world and holds immense religious significance for Hindus. Situated on the banks of the holy Ganges river, Varanasi is a pilgrimage site and an important center for spirituality. The city is known for its numerous ghats, where devotees gather to perform religious rituals and cremate their loved ones. Varanasi is also renowned for its dazzling array of colorful temples, narrow winding streets, bustling markets, and rich cultural heritage. It attracts tourists from all over the world seeking a glimpse into traditional Indian life and spirituality.",UTTAR PRADESH,"Varanasi holds immense spiritual significance, as it is believed to be the abode of Lord Shiva and a sacred place for Hindus. It is believed that bathing in the holy Ganges River in Varanasi cleanses one's sins and brings spiritual purification. The city's numerous temples, ghats, and religious ceremonies attract millions of pilgrims and visitors who seek spiritual solace and transcendence. The spiritual vibrations of Varanasi are believed to enhance one's spiritual journey and foster a deeper connection with the divine.",VARANASI,mountains,mountains,0
9,MATHURA,"Mathura is a historic city located in the North Indian state of Uttar Pradesh. It is widely recognized as the birthplace of Lord Krishna, a revered deity in Hindu mythology. Mathura is famous for its numerous ancient temples, including the iconic Krishna Janmabhoomi temple and the Dwarkadheesh temple. Rich in cultural heritage and spiritual significance, Mathura attracts millions of pilgrims and tourists every year. Additionally, Mathura is renowned for its vibrant Holi celebrations, where locals and visitors alike engage in colorful festivities",UTTAR PRADESH,"Mathura is a significant spiritual destination as it is believed to be the birthplace of Lord Krishna, a major deity in Hinduism. The city is home to various sacred sites such as the Krishna Janmabhoomi temple and the Dwarkadhish temple. Thousands of pilgrims visit Mathura to seek blessings and immerse themselves in the religious and cultural heritage associated with Lord Krishna. The city's spiritual significance is deeply rooted in Hindu mythology and scriptures, attracting devotees from all over the world",MATHURA,other,other,0
10,KATRA,"Katra is a small town located in the Reasi district of the Indian state of Jammu and Kashmir. It is famous for its close proximity to the holy shrine of Vaishno Devi, a revered Hindu pilgrimage site. The town serves as the base camp for the devotees visiting the shrine. It is nestled amidst the picturesque Trikuta Mountains and offers breathtaking views of the surrounding valleys. Katra is well-developed with numerous hotels, restaurants, and shops catering to the needs of the pilgrims. Apart from religious significance, the town also offers opportunities for adventure activities like trekking and rock climbing.",JAMMU KASHMIR,"Katra is a spiritual town located at the base of Trikuta Mountains in Jammu and Kashmir, India. It holds immense spiritual significance as it is the gateway to the holy shrine of Mata Vaishno Devi. Pilgrims visit this town to pay their respects to the goddess and seek her blessings. The journey to the temple involves a trek of around 14 km, enhancing the spiritual experience for devotees. The serene surroundings and the divine aura make Katra a place of great spiritual importance.",REASI,hills,hills,0
11,TIRUPATI,"Tirupati is a pilgrimage city located in the southeastern state of Andhra Pradesh, India. It is famous for its ancient and highly revered temple dedicated to Lord Venkateswara, an incarnation of Lord Vishnu. The temple attracts millions of devotees annually, making it one of the richest and busiest pilgrimage sites in the world. Apart from its spiritual significance, Tirupati offers breathtaking natural beauty with lush green hills, waterfalls, and picturesque landscapes. The city also boasts a rich cultural heritage, with traditional music, dance, and handicrafts being an integral part of its identity. Overall, Tirupati is a must-visit destination for spiritual seekers and nature lovers alike.",ANDHRA PRADESH,"Tirupati is a holy town in Andhra Pradesh, India, renowned for its ancient temple dedicated to Lord Venkateswara. It holds immense spiritual significance as millions of devotees flock to seek blessings and fulfill their vows. The temple's unique architecture, serene surroundings, and divine aura make it a revered pilgrimage site, uplifting the spiritual journey of devotees who visit this sacred place.",TIRUPATI,mountains,mountains,0
12,THIRUVANTPURAM,"Trivandrum, also known as Thiruvananthapuram, is the capital city of the southern Indian state of Kerala. It is a vibrant city with a rich cultural heritage and historical significance. The city is renowned for its beautiful beaches, majestic palaces, ancient temples, and serene backwaters. Trivandrum is home to several educational institutions, scientific research centers, and government offices, making it an important hub for education, administration, and technology. With its pleasant climate, lush green landscapes, and welcoming locals, Trivandrum is an ideal destination for tourists seeking a blend of tradition and modernity.",KERALA,"Thiruvananthapuram, also known as Trivandrum, holds immense spiritual significance in Kerala, India. It is home to the ancient Sree Padmanabhaswamy Temple, one of the 108 Divya Desams (sacred shrines dedicated to Lord Vishnu). The temple is revered for its architectural beauty and riches. Thiruvananthapuram also hosts the revered Attukal Bhagavathy Temple, where the world's largest gathering of women takes place during the annual Attukal Pongala festival. The city's spiritual heritage and religious diversity make it a significant pilgrimage site in South India.",PADMABHAMSWAMY,other,other,0
13,THIRIVALLA,"Thiruvalla is a town in the Pathanamthitta district of Kerala, India. It is situated on the banks of the river Manimala and is known for its scenic beauty and religious significance. Thiruvalla is considered to be the land of temples, with several ancient and renowned temples like Sree Vallabha Temple and St. Mary's Orthodox Syrian Church. The town also has a vibrant cultural scene, with traditional art forms like Kathakali and Mohiniyattam being showcased regularly. Thiruvalla is also a major hub for education and healthcare in the region, with numerous schools, colleges, and hospitals.",Kerala,"Thiruvalla, a town in Kerala, holds immense spiritual significance. It is home to numerous temples, including the famous Sree Vallabha Temple, attracting devotees from all over. Thiruvalla boasts a rich heritage, with rituals, festivals, and cultural traditions deeply embedded in the spiritual fabric of the region. The town's spiritual aura, combined with its serene natural beauty, makes it a pilgrimage destination, fostering a sense of peace, devotion, and spiritual growth among visitors.",PATHNAMTHITTA,hills,hills,0
14,DWARKA,"Dwarka, located in the state of Gujarat, India, is a sacred city with significant historical and religious importance. It is believed to be the ancient kingdom of Lord Krishna and is thus considered one of the holiest places for Hindus. The city boasts fascinating archaeological remains, including the Dwarkadhish Temple, dedicated to Lord Krishna, which attracts devotees from all over the world. Dwarka is also known for its beautiful sandy beaches, such as Dwarka Beach and Okha Beach, which offer serene surroundings and a peaceful atmosphere for relaxation. The city is a prominent pilgrimage site and holds a charm with its rich cultural heritage and religious significance.",GUJRAT,"Dwarka is considered a significant spiritual site as it is believed to be the capital city of Lord Krishna's kingdom and the place where he lived and ruled. It holds immense importance in Hindu mythology and pilgrimage traditions, attracting devotees who seek divine blessings and spiritual enlightenment. Dwarka is considered a sacred place for its association with the divine and offers devotees a chance to connect with Lord Krishna's divine presence.",DEVBHOOMI DWARKA,mountains,mountains,0
15,MADHURAI,"Madurai is a historical city located in the southern Indian state of Tamil Nadu. It is one of the oldest continuously inhabited cities in the world, dating back over 2,500 years. Known as the Athens of the East, Madurai has a rich cultural and architectural heritage. It is famous for the iconic Meenakshi Amman Temple, a sprawling complex with towering gopurams (ornate gateways) adorned with intricate sculptures. Madurai is also renowned for its vibrant festivals, such as the Meenakshi Thirukalyanam, which attracts millions of devotees every year. The city's bustling markets, traditional music, and delectable cuisine add to its charm and allure.",TAMIL NADU,"Madurai, also known as the City of Temples, holds immense spiritual significance. The famous Meenakshi Amman Temple is a major pilgrimage site, dedicated to Goddess Meenakshi and Lord Sundareswarar. The temple's architectural grandeur, rituals, and festivities attract millions of devotees annually. Madurai is considered one of the oldest inhabited cities in India, associated with mythology and ancient scriptures. Its spiritual significance lies in its rich cultural heritage, religious practices, and deep-rooted traditions that continue to flourish and inspire devotion.",MADHURAI,other,other,0
16,BHUBNESWAR,"Bhubaneswar, the capital city of the Indian state of Odisha, is a captivating blend of ancient heritage and modern development. Known as the Temple City of India, it is dotted with exquisite temples, including the famous Lingaraj Temple and the majestic Rajarani Temple. The city is renowned for its well-planned infrastructure, lush greenery, and clean environment. Bhubaneswar is a major educational and economic hub, with a growing IT and software industry. It also boasts of art galleries, museums, and vibrant cultural festivals that showcase the rich cultural heritage of Odisha.",ODISHA,"Bhubaneswar, the capital of Odisha, is known for its deep spiritual significance. It houses numerous ancient temples, such as the Lingaraj Temple, dedicated to Lord Shiva, and the Jagannath Temple, dedicated to Lord Jagannath. These temples attract devotees from all over the world, making Bhubaneswar a major pilgrimage site. The city's rich spiritual heritage, combined with its peaceful atmosphere, makes it a popular destination for those seeking solace and enlightenment.",KHORDA,hills,hills,0
17,GAYA,"Gaya, also known as Bodh Gaya, is a small city located in the Indian state of Bihar. It is known for its historical and religious significance as it is the place where Gautam Buddha, the founder of Buddhism, is believed to have attained enlightenment under the Bodhi tree. As a result, Gaya is visited by millions of Buddhist pilgrims from around the world every year. Apart from its religious importance, Gaya also holds cultural and architectural attractions such as ancient temples, monasteries, and the ancient ruins of Nalanda University. With its rich history and spiritual ambiance, Gaya offers a unique and enlightening experience to its visitors.",BIHAR,"Gaya holds immense spiritual significance as a site for ancestral worship in various cultures. Believed to be a place where souls of ancestors reside, it is considered sacred by Hindus, Buddhists, and others. Performing rituals and offering prayers here is believed to bring peace and salvation to departed souls. This spiritual connection makes Gaya a significant destination for pilgrims seeking to honor and connect with their ancestors.",GAYA,mountains,mountains,0
18,HARIDWAR,"Haridwar is a popular pilgrimage site located in the state of Uttarakhand, India. It is situated on the banks of the holy River Ganges and is considered one of the holiest cities in Hinduism. Haridwar is known for its numerous temples, including the renowned Har Ki Pauri, where devotees gather to take a dip in the sacred river. The city also hosts the world-famous Kumbh Mela, a massive religious gathering that attracts millions of pilgrims from all over the world. Haridwar is not only a spiritual hub but also a center for yoga and wellness, offering various courses and retreats.",UTTRAKHAND,"Haridwar, a revered city in India, holds immense spiritual significance. It is believed that a dip in the holy Ganges river here can cleanse one's sins and pave the path to Moksha (liberation from the cycle of birth and death). The city is filled with temples, ashrams, and ghats, attracting pilgrims and seekers from all over the world. The Kumbh Mela, held every 12 years, is a major highlight, attracting millions who come to seek spiritual blessings. Haridwar truly embodies the spiritual essence of India.",HARIDWAR,other,other,0
19,UJJAIN,"Ujjain is an ancient city located in the Indian state of Madhya Pradesh. It holds immense religious significance as it is one of the seven sacred cities in Hinduism. Ujjain is known for its historic temples, including the famous Mahakaleshwar Temple, which is dedicated to Lord Shiva. The city is also renowned for its Kumbh Mela, a grand religious festival held every 12 years, attracting millions of devotees. Ujjain is a melting pot of culture and spirituality, with a rich history dating back to several centuries. It also offers picturesque views of the River Shipra and has a vibrant market for shopping enthusiasts.",MADHYA PRADESH,"Ujjain, an ancient city in central India, holds immense spiritual significance. It is one of the seven holiest places in Hinduism and mentioned in Hindu scriptures. The revered Mahakaleshwar Temple dedicated to Lord Shiva attracts millions of devotees for its Jyotirlinga. The Kumbh Mela, held here every 12 years, is one of the world's largest religious gatherings. Ujjain is also associated with the revered saint, Sandipani Ashram, where Lord Krishna and Sudama studied. The city's spiritual aura, rich history, and religious festivals make it a revered destination for seekers of divinity.",UJAIN,hills,hills,0
20,DEOGHAR,"Deoghar is a city located in the Indian state of Jharkhand. It is famous for its religious significance, as it houses the ancient Baba Baidyanath Temple, one of the twelve Jyotirlingas of Lord Shiva. The city is surrounded by lush greenery and is known for its scenic beauty. Deoghar attracts a large number of devotees and tourists throughout the year. Apart from its religious importance, the city is also known for its cultural festivals and fairs, including the Shravani Mela, which is celebrated with great enthusiasm. Deoghar is a vibrant city that offers a combination of spirituality, natural beauty, and traditional festivities.",JHARKHAND,"Deoghar, a holy city in Jharkhand, holds immense spiritual significance. It is home to the renowned Baidyanath Jyotirlinga temple, attracting devotees from across the country. Legend states that Lord Shiva himself resides here, granting blessings and fulfilling wishes. The city's serene environment and sacred atmosphere provide a perfect ambiance for spiritual rejuvenation and meditation. Pilgrims flock to seek divine intervention and find solace in Deoghar, making it a revered spiritual destination.",DEOGHAR,mountains,mountains,0
21,OMKARESHWAR,"Omkareshwar is a sacred island located in the Narmada River in Madhya Pradesh, India. It is considered one of the 12 Jyotirlinga shrines dedicated to Lord Shiva. The island is shaped like the Hindu symbol Om, hence the name. It is surrounded by stunning landscapes and attracts countless pilgrims every year. Omkareshwar is home to notable temples, such as the Omkareshwar Temple and the Mamleshwar Temple, which showcase exquisite architectural designs. The island also offers activities like boating and trekking, providing visitors with a serene and spiritual experience.",MADHYA PRADESH,"Omkareshwar holds immense spiritual significance as one of the 12 jyotirlingas, or important shrines dedicated to Lord Shiva in Hinduism. Located on an island in the Narmada river, it is believed to be the place where Lord Shiva defeated the demon Vindhya to spread knowledge. Pilgrims visit Omkareshwar to seek Lord Shiva's blessings, perform rituals, and attain inner peace. The serene surroundings and the divine energy make it a sacred place for spiritual rejuvenation.",KHANDWA,other,other,0
22,KOLKATA,"Kolkata, formerly known as Calcutta, is a vibrant and bustling city located in the eastern part of India. It is the capital of West Bengal and one of the major cultural, educational, and commercial hubs of the country. Kolkata is known for its rich history, beautiful colonial architecture, and intellectual heritage. The city is home to several world-renowned institutions, such as the Indian Museum, Victoria Memorial, and Jadavpur University. Kolkata is also famous for its love for art, literature, music, and sports, with the enchanting Howrah Bridge being a symbol of its identity. The city is an amalgamation of ancient traditions and modern influences, where bustling markets, delicious street food, and festivals like Durga Puja reflect the vivacious spirit of its people.",WEST BENGAL,"Kolkata, the cultural capital of India, holds immense spiritual significance. The city's religious diversity is reflected in its numerous temples, mosques, churches, and synagogues. The sacred Ganges River flows through Kolkata, attracting pilgrims who seek spiritual cleansing. The city is also home to the iconic Kalighat Temple, dedicated to goddess Kali, where devotees offer prayers and seek blessings. Kolkata's rich spiritual heritage is embedded in its history, architecture, and its people, making it an important spiritual destination.",KOLKATA,hills,hills,0
23,GUWAHATI,"Guwahati is a bustling city located on the banks of the Brahmaputra River in the northeastern state of Assam, India. It serves as the gateway to the seven northeastern states and is the largest urban center in the region. Known for its rich cultural heritage, Guwahati is home to various ancient temples, such as the Kamakhya Temple, which draws pilgrims from all over the country. The city also houses educational institutions, including the Indian Institute of Technology and Guwahati University. With its beautiful landscapes, tea gardens, and wildlife sanctuaries, Guwahati offers a perfect blend of nature, spirituality, and modernity.",ASSAM,"Guwahati, the largest city in Northeast India, holds immense spiritual significance. It is blessed with numerous ancient temples, such as the Kamakhya Temple dedicated to the goddess Shakti. This pilgrimage site attracts devotees seeking blessings and spiritual awakening. Guwahati also hosts the Hajo pilgrimage center, representing the harmonious coexistence of Hinduism, Islam, and Buddhism. The city's serene surroundings and sacred sites make it a hotspot for spiritual seekers and religious tourism.",GUWAHATI,mountains,mountains,0
24,RAJGIR,"Rajgir is a historic and religious town located in the Nalanda district of Bihar, India. It holds great importance in Hindu, Buddhist, and Jain religions. It served as the capital of the Magadh kingdom during ancient times and was a prominent center for learning and spiritual practices. Rajgir is known for its numerous ancient monuments, such as the Cyclopean Wall, Gridhakuta Hill, and Swarn Bhandar. The famous Venuvana monastery and Griddhakuta Hill are associated with the teachings of Lord Buddha. The town is also renowned for its natural beauty, with the backdrop of lush green hills and hot springs like Brahmakund.",BIHAR,"Rajgir, an ancient city in Bihar, India, holds immense spiritual significance. It was the home of Lord Buddha for several years and is believed to be the place where he delivered many important teachings. Rajgir is also known for the Gridhakuta Hill, where Buddha meditated and gave profound sermons. The city is revered by Buddhists worldwide and attracts pilgrims seeking spiritual enlightenment and solace.",NALANDA,other,other,0
25,CHITRAKOOT,"Chitrakut is a popular tourist destination located in the state of Uttar Pradesh, India. It is a small town nestled in the Vindhya mountain range and is renowned for its natural beauty and religious significance. Chitrakut is believed to be the place where Lord Rama, his wife Sita, and his brother Lakshmana spent a significant amount of time during their exile. The town is dotted with numerous temples and spiritual spots, attracting devotees and pilgrims from all over the country. The tranquil environment, lush green landscapes, and the presence of sacred sites make Chitrakut a must-visit destination for nature lovers and religious enthusiasts.",MADHYA PRADESH,"Chitrakoot holds a profound spiritual significance as it is believed to be the place where Lord Rama and Sita spent their exile. The holy town is dotted with numerous temples and sacred sites, attracting devotees from all over the world. It is believed that a dip in the sacred waters of the Mandakini River cleanses one of sins. Chitrakoot exudes a divine charm, inviting seekers of spirituality to immerse themselves in its peaceful and tranquil atmosphere.",SATNA,hills,hills,0
26,PUSHKAR,"Pushkar is a small town located in the Ajmer district of Rajasthan, India. It is renowned for its vibrant culture, mesmerizing temples, and picturesque landscapes. Known as a prominent pilgrimage site for Hindus, Pushkar attracts devotees from all over the world. The town is famous for hosting the annual Pushkar Camel Fair, which is the largest cattle fair in India. Pushkar Lake is a significant attraction, believed to have been created by Lord Brahma, according to Hindu mythology. With its narrow streets adorned by colorful markets, Pushkar offers a unique shopping experience. The town's serene atmosphere, rich heritage, and spiritual aura make it a must-visit destination for travelers.",RAJSTHAN,"Pushkar is a sacred town in Rajasthan, India, renowned for its spiritual significance. It is believed to be the place where the lotus fell from Lord Brahma's hand, creating a holy lake. Devotees throng to Pushkar to bathe in the lake's sacred waters, offering prayers at the Brahma Temple. The town hosts the grand Pushkar Fair, attracting pilgrims and tourists alike. With over 500 temples and a serene atmosphere, Pushkar is regarded as a spiritually uplifting destination for seekers of inner peace.",AJMER,mountains,mountains,0
27,SALASAR,"Salasar is a small town located in the Churu district of Rajasthan, India. It is famous for its revered Salasar Balaji Temple, dedicated to Lord Hanuman. The town attracts a large number of devotees and tourists throughout the year. The temple holds great religious significance and is known for fulfilling the wishes of its devotees. Salasar also provides accommodation facilities, eateries, and shops catering to the visitors. Apart from the temple, the town offers a peaceful and serene environment, making it an ideal destination for spiritual retreats and pilgrimage.",RAJSTHAN,"Salasar is a small town in India known for its temple dedicated to Hanuman, a Hindu deity. The temple holds immense spiritual significance as it is believed to possess miraculous powers. Devotees from all over the country visit Salasar to seek blessings and offer prayers. The town's spiritual aura and the temple's reputation for granting wishes make it a popular destination for spiritual seekers and devotees.",CHURU,other,other,0
28,SOMNATH,"Somnath is a small town located in the western Indian state of Gujarat. It is famous for its ancient Somnath Temple, dedicated to Lord Shiva. The temple is one of the twelve Jyotirlingas (shrines of Lord Shiva) and holds immense religious significance for Hindus. The town has a rich history and has been a center of trade and pilgrimage since ancient times. Apart from the temple, Somnath also offers beautiful beaches, scenic landscapes, and a tranquil atmosphere. It attracts tourists and devotees from all over the world, seeking spiritual enlightenment and a glimpse into India's vibrant cultural heritage.",GUJRAT,"Somnath, a revered Hindu pilgrimage site in Gujarat, holds great spiritual significance. It is believed to be the place where Lord Shiva appeared as a fiery column of light. It represents the eternal energy and power of the divine. People visit to seek blessings, offer their prayers, and experience the divine presence. Somnath inspires faith, devotion, and spiritual transformation, inviting devotees to connect with their inner divinity and experience the profound depths of spirituality.",GIR SOMNATH,hills,hills,0
29,Shirdi,"Shirdi is a small town located in the Ahmednagar district of Maharashtra, India. It is renowned as the holy abode of the revered 19th-century saint, Sai Baba. Devotees from all over the world visit Shirdi to seek blessings and spiritual solace. The town is home to the famous Shirdi Sai Baba Temple, where the saint's samadhi (final resting place) is situated. Apart from the temple, there are various other religious sites and ashrams dedicated to Sai Baba. Shirdi also offers a tranquil atmosphere and a serene environment, making it a perfect destination for spiritual seekers and devotees.",Maharashtra,"Sai Baba of Shirdi, a renowned saint, holds spiritual significance for millions globally. His teachings inspire love, peace, and brotherhood among all religions. He transcends boundaries, offering solace to seekers. Through miracles and divine power, he exemplifies the omnipresence of the divine. Sai Baba's message of spiritual awakening and his selfless service continue to guide and uplift countless devotees, making Shirdi an auspicious pilgrimage site.",Ahmednagar,mountains,mountains,0
30,TRAYAMBKESHWAR,"Tryambkeshwar is a small village in Maharashtra, India, known for its famous Shiva temple. The village is located in the Nashik district and is considered a holy place for devout Hindus. The temple, known as Tryambkeshwar Jyotirlinga, is one of the twelve Jyotirlinga shrines dedicated to Lord Shiva. It is believed to be the birthplace of Lord Hanuman and holds immense religious significance. The village is surrounded by lush greenery and scenic beauty, attracting both religious and nature-loving visitors. Tryambkeshwar offers a peaceful and tranquil ambiance, making it a popular pilgrimage site in the region.",MAHARASHTRA,"Trayambkeshwar holds immense spiritual significance as one of the 12 Jyotirlingas, representing Lord Shiva. It is believed that it grants salvation and fulfills desires of devotees. Its location near the source of Godavari River adds to its sanctity. The temple's unique architecture and holy atmosphere make it a preferred pilgrimage site for spiritual seekers.",NASHIK,other,other,0
31,Rameshwaram,"Rameshwaram is a sacred town located in the Ramanathapuram district of Tamil Nadu, India. It is known for its religious significance as it is believed to be the place where Lord Rama constructed a bridge to Lanka to rescue his wife, Sita. Rameshwaram is home to the famous Ramanathaswamy Temple, one of the twelve Jyotirlinga shrines dedicated to Lord Shiva. Apart from its spiritual importance, the town also boasts stunning beaches and breathtaking views of the Bay of Bengal. The vibrant local culture, delicious seafood, and unique architectural wonders make Rameshwaram a must-visit destination for both religious and leisure travelers.",Tamil Nadu,"Rameshwaram, a sacred town in India, holds immense spiritual significance for Hindus. It is believed to be the place where Lord Rama built a bridge to Lanka and is home to the famous Ramanathaswamy Temple. Pilgrims visit to offer prayers, perform rituals, and take a dip in the holy waters of Agni Theertham. Rameshwaram is considered one of the Char Dham pilgrimage sites, offering spiritual solace and belief in salvation to devotees.",Ramanathapuram,hills,hills,0
32,KANCHIPURAM,"Kanchipuram, also known as Kanchi, is a bustling city in the Indian state of Tamil Nadu. It is renowned for its rich cultural heritage, ancient temples, and exquisite silk sarees. The city holds great religious significance as it houses numerous temples, including the famous Kanchi Kamakshi Amman Temple and Varadharaja Perumal Temple. Kanchipuram is also known for its distinct style of silk sarees, woven with intricate designs and vibrant colors. The city attracts tourists and devotees from all over the world who seek to immerse themselves in its history, spirituality, and traditional silk weaving industry.",TAMIL NADU,"Kanchipuram is a holy city in Tamil Nadu, India. It is renowned for its ancient temples, especially the Ekambareswarar Temple and the Kailasanathar Temple. These temples attract thousands of pilgrims, making Kanchipuram a significant spiritual destination. The city is also known for its exquisite silk sarees, woven with intricate designs and patterns, which are considered auspicious and are worn during special occasions and religious ceremonies. Kanchipuram's rich cultural heritage and spiritual significance place it as an important spiritual and cultural center in India.",KANCHIPURAM,mountains,mountains,0
33,VRINDAVAN,"Vrindavan is a holy city located in the North Indian state of Uttar Pradesh. It is widely known as the birthplace of Lord Krishna and is considered a major pilgrimage site for Hindus. The city is filled with numerous ancient temples, each portraying various aspects of Krishna's life. The serene Yamuna River flows through Vrindavan, adding to its charm. The city offers a calm and spiritual atmosphere, attracting thousands of devotees and spiritual seekers from across the globe. With its rich cultural heritage, vibrant festivals, and beautiful gardens, Vrindavan provides a unique and immersive experience for both religious and non-religious visitors.",UTTAR PRADESH,"Vrindavan, a sacred town in India, holds immense spiritual significance for Hindus. It is believed to be the playground of Lord Krishna, the ultimate embodiment of love and devotion. Devotees flock to Vrindavan to experience divine connection, immerse in devotional practices, and seek blessings. The town's temples, ashrams, and sacred groves echo with Krishna's divine pastimes and teachings, leaving an indelible mark on the spiritual consciousness of all who visit. Vrindavan is a spiritual haven, where devotees deepen their faith and tread the path of self-realization, ultimately seeking union with the Divine.",MATHURA,other,other,0
34,AMARKANTAK,"Amarkantak is a small town located in the state of Madhya Pradesh, India. It is known as the origin of two important rivers in India, the Narmada and the Son. Surrounded by lush green forests and hills, Amarkantak is considered a sacred place for Hindus as it is believed to be the meeting point of three main mountain ranges, the Vindhya, Satpura, and Maikal. This town is home to several ancient temples, including the Narmada Temple and the Kapildhara Waterfall, which are major attractions for tourists and devotees. Amarkantak also offers picturesque landscapes and opportunities for nature lovers to explore and engage in activities such as trekking and wildlife spotting.",MADHYA PRADESH,"Amarkantak, a holy town at the confluence of Vindhya and Satpura ranges, holds immense spiritual significance. It is believed to be the source of rivers like Narmada and Son, symbolizing purity and life. Amarkantak is home to numerous temples and pilgrim centers like the ancient Shiva temple, the temple of goddess Narmada, and the Kalachuri-era temples. The serene and tranquil atmosphere of this sacred town attracts pilgrims and spiritual seekers, offering a divine experience amidst nature's bounty.",ANNUPUR,hills,hills,0
